stress_level,method,metric,mean,ci95,n
0.0,action_clipping_filter,action_regret,0.632310,0.008099,10
0.0,action_clipping_filter,boundary_ece,0.105482,0.016126,10
0.0,action_clipping_filter,boundary_f1,0.752115,0.014852,10
0.0,action_clipping_filter,deployed_violation,0.517222,0.019475,10
0.0,action_clipping_filter,filter_dependence,0.674837,0.005428,10
0.0,action_clipping_filter,intervention_rate,0.876111,0.006896,10
0.0,action_clipping_filter,intervention_severity,0.207510,0.001596,10
0.0,action_clipping_filter,mechanism_utility,-0.104915,0.012692,10
0.0,action_clipping_filter,recovery_success,0.322500,0.019638,10
0.0,action_clipping_filter,robust_utility,-0.314915,0.024873,10
0.0,action_clipping_filter,task_success,0.261667,0.017479,10
0.0,action_clipping_filter,transfer_violation,0.836389,0.011404,10
0.0,action_clipping_filter,unshielded_violation,0.817222,0.008994,10
0.0,adversarial_safety_critic,action_regret,0.559618,0.006411,10
0.0,adversarial_safety_critic,boundary_ece,0.234527,0.015760,10
0.0,adversarial_safety_critic,boundary_f1,0.523095,0.010886,10
0.0,adversarial_safety_critic,deployed_violation,0.648333,0.015510,10
0.0,adversarial_safety_critic,filter_dependence,0.163876,0.005927,10
0.0,adversarial_safety_critic,intervention_rate,0.413611,0.016140,10
0.0,adversarial_safety_critic,intervention_severity,0.061900,0.002362,10
0.0,adversarial_safety_critic,mechanism_utility,0.187901,0.017767,10
0.0,adversarial_safety_critic,recovery_success,0.142222,0.010163,10
0.0,adversarial_safety_critic,robust_utility,-0.245886,0.022618,10
0.0,adversarial_safety_critic,task_success,0.265278,0.018423,10
0.0,adversarial_safety_critic,transfer_violation,0.698611,0.013068,10
0.0,adversarial_safety_critic,unshielded_violation,0.778055,0.015387,10
0.0,boundary_learning_filter_v4,action_regret,0.507145,0.007289,10
0.0,boundary_learning_filter_v4,boundary_ece,0.113336,0.014694,10
0.0,boundary_learning_filter_v4,boundary_f1,0.708457,0.014823,10
0.0,boundary_learning_filter_v4,deployed_violation,0.513056,0.016614,10
0.0,boundary_learning_filter_v4,filter_dependence,0.237076,0.005754,10
0.0,boundary_learning_filter_v4,intervention_rate,0.755278,0.016622,10
0.0,boundary_learning_filter_v4,intervention_severity,0.102509,0.002197,10
0.0,boundary_learning_filter_v4,mechanism_utility,0.190940,0.017854,10
0.0,boundary_learning_filter_v4,recovery_success,0.282222,0.014500,10
0.0,boundary_learning_filter_v4,robust_utility,-0.106375,0.021551,10
0.0,boundary_learning_filter_v4,task_success,0.341667,0.013087,10
0.0,boundary_learning_filter_v4,transfer_violation,0.639722,0.019344,10
0.0,boundary_learning_filter_v4,unshielded_violation,0.765000,0.012180,10
0.0,cbf_safety_filter,action_regret,0.509304,0.005604,10
0.0,cbf_safety_filter,boundary_ece,0.166019,0.012005,10
0.0,cbf_safety_filter,boundary_f1,0.749069,0.010399,10
0.0,cbf_safety_filter,deployed_violation,0.304722,0.010332,10
0.0,cbf_safety_filter,filter_dependence,0.734218,0.010508,10
0.0,cbf_safety_filter,intervention_rate,0.872500,0.009754,10
0.0,cbf_safety_filter,intervention_severity,0.212949,0.002596,10
0.0,cbf_safety_filter,mechanism_utility,-0.102460,0.014373,10
0.0,cbf_safety_filter,recovery_success,0.506667,0.018688,10
0.0,cbf_safety_filter,robust_utility,0.101469,0.019037,10
0.0,cbf_safety_filter,task_success,0.547222,0.014721,10
0.0,cbf_safety_filter,transfer_violation,0.818889,0.009800,10
0.0,cbf_safety_filter,unshielded_violation,0.810555,0.011415,10
0.0,conformal_uncertainty_shield,action_regret,0.532118,0.006451,10
0.0,conformal_uncertainty_shield,boundary_ece,0.239223,0.015965,10
0.0,conformal_uncertainty_shield,boundary_f1,0.748038,0.008905,10
0.0,conformal_uncertainty_shield,deployed_violation,0.334722,0.012916,10
0.0,conformal_uncertainty_shield,filter_dependence,0.760453,0.008716,10
0.0,conformal_uncertainty_shield,intervention_rate,0.876389,0.010145,10
0.0,conformal_uncertainty_shield,intervention_severity,0.252020,0.002854,10
0.0,conformal_uncertainty_shield,mechanism_utility,-0.104901,0.014138,10
0.0,conformal_uncertainty_shield,recovery_success,0.466667,0.015654,10
0.0,conformal_uncertainty_shield,robust_utility,0.026371,0.025403,10
0.0,conformal_uncertainty_shield,task_success,0.508055,0.020265,10
0.0,conformal_uncertainty_shield,transfer_violation,0.795000,0.011122,10
0.0,conformal_uncertainty_shield,unshielded_violation,0.801667,0.012153,10
0.0,counterfactual_boundary_learning_filter_v5,action_regret,0.458681,0.006777,10
0.0,counterfactual_boundary_learning_filter_v5,boundary_ece,0.078334,0.013479,10
0.0,counterfactual_boundary_learning_filter_v5,boundary_f1,0.703974,0.007868,10
0.0,counterfactual_boundary_learning_filter_v5,deployed_violation,0.449167,0.019207,10
0.0,counterfactual_boundary_learning_filter_v5,filter_dependence,0.187678,0.002127,10
0.0,counterfactual_boundary_learning_filter_v5,intervention_rate,0.747778,0.009665,10
0.0,counterfactual_boundary_learning_filter_v5,intervention_severity,0.107802,0.001342,10
0.0,counterfactual_boundary_learning_filter_v5,mechanism_utility,0.243040,0.016837,10
0.0,counterfactual_boundary_learning_filter_v5,recovery_success,0.324444,0.023977,10
0.0,counterfactual_boundary_learning_filter_v5,robust_utility,0.023173,0.017740,10
0.0,counterfactual_boundary_learning_filter_v5,task_success,0.418889,0.011443,10
0.0,counterfactual_boundary_learning_filter_v5,transfer_violation,0.597778,0.018681,10
0.0,counterfactual_boundary_learning_filter_v5,unshielded_violation,0.746667,0.014672,10
0.0,geometric_projection_filter,action_regret,0.584116,0.005269,10
0.0,geometric_projection_filter,boundary_ece,0.194293,0.013093,10
0.0,geometric_projection_filter,boundary_f1,0.596151,0.023034,10
0.0,geometric_projection_filter,deployed_violation,0.576667,0.011655,10
0.0,geometric_projection_filter,filter_dependence,0.396265,0.012571,10
0.0,geometric_projection_filter,intervention_rate,0.539167,0.014909,10
0.0,geometric_projection_filter,intervention_severity,0.107332,0.002933,10
0.0,geometric_projection_filter,mechanism_utility,0.024826,0.021839,10
0.0,geometric_projection_filter,recovery_success,0.243889,0.008809,10
0.0,geometric_projection_filter,robust_utility,-0.202715,0.019851,10
0.0,geometric_projection_filter,task_success,0.324444,0.016826,10
0.0,geometric_projection_filter,transfer_violation,0.826389,0.007087,10
0.0,geometric_projection_filter,unshielded_violation,0.810833,0.019282,10
0.0,lagrangian_safe_rl,action_regret,0.550365,0.006677,10
0.0,lagrangian_safe_rl,boundary_ece,0.171484,0.015110,10
0.0,lagrangian_safe_rl,boundary_f1,0.592125,0.019347,10
0.0,lagrangian_safe_rl,deployed_violation,0.623889,0.014636,10
0.0,lagrangian_safe_rl,filter_dependence,0.198602,0.005594,10
0.0,lagrangian_safe_rl,intervention_rate,0.526944,0.013188,10
0.0,lagrangian_safe_rl,intervention_severity,0.065801,0.001650,10
0.0,lagrangian_safe_rl,mechanism_utility,0.160470,0.016174,10
0.0,lagrangian_safe_rl,recovery_success,0.170833,0.011224,10
0.0,lagrangian_safe_rl,robust_utility,-0.189993,0.022148,10
0.0,lagrangian_safe_rl,task_success,0.312778,0.015929,10
0.0,lagrangian_safe_rl,transfer_violation,0.725278,0.015830,10
0.0,lagrangian_safe_rl,unshielded_violation,0.785556,0.012828,10
0.0,oracle_boundary_teacher,action_regret,0.273987,0.004791,10
0.0,oracle_boundary_teacher,boundary_ece,0.041468,0.006098,10
0.0,oracle_boundary_teacher,boundary_f1,0.776979,0.010841,10
0.0,oracle_boundary_teacher,deployed_violation,0.124445,0.011558,10
0.0,oracle_boundary_teacher,filter_dependence,0.151410,0.001215,10
0.0,oracle_boundary_teacher,intervention_rate,0.938333,0.006117,10
0.0,oracle_boundary_teacher,intervention_severity,0.076270,0.000543,10
0.0,oracle_boundary_teacher,mechanism_utility,0.369990,0.015145,10
0.0,oracle_boundary_teacher,recovery_success,0.593889,0.012646,10
0.0,oracle_boundary_teacher,robust_utility,0.473567,0.016335,10
0.0,oracle_boundary_teacher,task_success,0.636666,0.013232,10
0.0,oracle_boundary_teacher,transfer_violation,0.431667,0.015403,10
0.0,oracle_boundary_teacher,unshielded_violation,0.706389,0.012094,10
0.0,recovery_policy_shield,action_regret,0.461639,0.006749,10
0.0,recovery_policy_shield,boundary_ece,0.114688,0.009746,10
0.0,recovery_policy_shield,boundary_f1,0.715712,0.011188,10
0.0,recovery_policy_shield,deployed_violation,0.373889,0.014295,10
0.0,recovery_policy_shield,filter_dependence,0.519398,0.005384,10
0.0,recovery_policy_shield,intervention_rate,0.783889,0.009562,10
0.0,recovery_policy_shield,intervention_severity,0.148763,0.002027,10
0.0,recovery_policy_shield,mechanism_utility,0.031408,0.015927,10
0.0,recovery_policy_shield,recovery_success,0.422778,0.011003,10
0.0,recovery_policy_shield,robust_utility,0.152668,0.021067,10
0.0,recovery_policy_shield,task_success,0.575556,0.012930,10
0.0,recovery_policy_shield,transfer_violation,0.714722,0.012175,10
0.0,recovery_policy_shield,unshielded_violation,0.799444,0.014146,10
0.0,robust_mpc_shield,action_regret,0.455254,0.008884,10
0.0,robust_mpc_shield,boundary_ece,0.127040,0.014380,10
0.0,robust_mpc_shield,boundary_f1,0.762241,0.009310,10
0.0,robust_mpc_shield,deployed_violation,0.236945,0.019000,10
0.0,robust_mpc_shield,filter_dependence,0.731925,0.008747,10
0.0,robust_mpc_shield,intervention_rate,0.908333,0.007827,10
0.0,robust_mpc_shield,intervention_severity,0.207719,0.001749,10
0.0,robust_mpc_shield,mechanism_utility,-0.079117,0.017386,10
0.0,robust_mpc_shield,recovery_success,0.565833,0.018058,10
0.0,robust_mpc_shield,robust_utility,0.260922,0.028689,10
0.0,robust_mpc_shield,task_success,0.656944,0.020886,10
0.0,robust_mpc_shield,transfer_violation,0.799167,0.010677,10
0.0,robust_mpc_shield,unshielded_violation,0.800278,0.012585,10
0.0,safety_filter_distillation,action_regret,0.497999,0.005557,10
0.0,safety_filter_distillation,boundary_ece,0.117883,0.014372,10
0.0,safety_filter_distillation,boundary_f1,0.718575,0.016369,10
0.0,safety_filter_distillation,deployed_violation,0.486944,0.013387,10
0.0,safety_filter_distillation,filter_dependence,0.251720,0.004783,10
0.0,safety_filter_distillation,intervention_rate,0.779722,0.012470,10
0.0,safety_filter_distillation,intervention_severity,0.103480,0.001588,10
0.0,safety_filter_distillation,mechanism_utility,0.164111,0.014424,10
0.0,safety_filter_distillation,recovery_success,0.288611,0.006908,10
0.0,safety_filter_distillation,robust_utility,-0.049044,0.016854,10
0.0,safety_filter_distillation,task_success,0.385278,0.012731,10
0.0,safety_filter_distillation,transfer_violation,0.669167,0.012454,10
0.0,safety_filter_distillation,unshielded_violation,0.778611,0.010300,10
0.0,shielded_behavior_cloning,action_regret,0.567172,0.006994,10
0.0,shielded_behavior_cloning,boundary_ece,0.148212,0.017168,10
0.0,shielded_behavior_cloning,boundary_f1,0.618895,0.012425,10
0.0,shielded_behavior_cloning,deployed_violation,0.637222,0.014970,10
0.0,shielded_behavior_cloning,filter_dependence,0.232517,0.005488,10
0.0,shielded_behavior_cloning,intervention_rate,0.562222,0.012940,10
0.0,shielded_behavior_cloning,intervention_severity,0.080326,0.001907,10
0.0,shielded_behavior_cloning,mechanism_utility,0.135026,0.015638,10
0.0,shielded_behavior_cloning,recovery_success,0.164167,0.016563,10
0.0,shielded_behavior_cloning,robust_utility,-0.225574,0.020772,10
0.0,shielded_behavior_cloning,task_success,0.297500,0.012050,10
0.0,shielded_behavior_cloning,transfer_violation,0.744167,0.010902,10
0.0,shielded_behavior_cloning,unshielded_violation,0.789167,0.011200,10
0.0,unfiltered_policy,action_regret,0.624811,0.005814,10
0.0,unfiltered_policy,boundary_ece,0.469630,0.015791,10
0.0,unfiltered_policy,boundary_f1,0.000000,0.000000,10
0.0,unfiltered_policy,deployed_violation,0.821111,0.012314,10
0.0,unfiltered_policy,filter_dependence,0.000000,0.000000,10
0.0,unfiltered_policy,intervention_rate,0.000000,0.000000,10
0.0,unfiltered_policy,intervention_severity,0.000000,0.000000,10
0.0,unfiltered_policy,mechanism_utility,0.171463,0.007821,10
0.0,unfiltered_policy,recovery_success,0.000000,0.000000,10
0.0,unfiltered_policy,robust_utility,-0.386492,0.018358,10
0.0,unfiltered_policy,task_success,0.189722,0.011735,10
0.0,unfiltered_policy,transfer_violation,0.829444,0.005576,10
0.0,unfiltered_policy,unshielded_violation,0.817222,0.007605,10
0.2,action_clipping_filter,action_regret,0.649690,0.009393,10
0.2,action_clipping_filter,boundary_ece,0.126267,0.013370,10
0.2,action_clipping_filter,boundary_f1,0.784530,0.014077,10
0.2,action_clipping_filter,deployed_violation,0.533056,0.020200,10
0.2,action_clipping_filter,filter_dependence,0.702763,0.011825,10
0.2,action_clipping_filter,intervention_rate,0.900000,0.011069,10
0.2,action_clipping_filter,intervention_severity,0.216865,0.002660,10
0.2,action_clipping_filter,mechanism_utility,-0.155944,0.021493,10
0.2,action_clipping_filter,recovery_success,0.338056,0.010008,10
0.2,action_clipping_filter,robust_utility,-0.370727,0.024292,10
0.2,action_clipping_filter,task_success,0.225278,0.011996,10
0.2,action_clipping_filter,transfer_violation,0.865278,0.015059,10
0.2,action_clipping_filter,unshielded_violation,0.846389,0.014722,10
0.2,adversarial_safety_critic,action_regret,0.575593,0.009025,10
0.2,adversarial_safety_critic,boundary_ece,0.248577,0.015504,10
0.2,adversarial_safety_critic,boundary_f1,0.605392,0.014750,10
0.2,adversarial_safety_critic,deployed_violation,0.645000,0.021130,10
0.2,adversarial_safety_critic,filter_dependence,0.213058,0.004026,10
0.2,adversarial_safety_critic,intervention_rate,0.533056,0.010216,10
0.2,adversarial_safety_critic,intervention_severity,0.080884,0.001536,10
0.2,adversarial_safety_critic,mechanism_utility,0.106422,0.021002,10
0.2,adversarial_safety_critic,recovery_success,0.178611,0.011622,10
0.2,adversarial_safety_critic,robust_utility,-0.298908,0.027830,10
0.2,adversarial_safety_critic,task_success,0.226667,0.017144,10
0.2,adversarial_safety_critic,transfer_violation,0.748889,0.016990,10
0.2,adversarial_safety_critic,unshielded_violation,0.822222,0.017044,10
0.2,boundary_learning_filter_v4,action_regret,0.525021,0.010393,10
0.2,boundary_learning_filter_v4,boundary_ece,0.100893,0.013599,10
0.2,boundary_learning_filter_v4,boundary_f1,0.765645,0.012977,10
0.2,boundary_learning_filter_v4,deployed_violation,0.529167,0.019125,10
0.2,boundary_learning_filter_v4,filter_dependence,0.267779,0.004162,10
0.2,boundary_learning_filter_v4,intervention_rate,0.841667,0.013262,10
0.2,boundary_learning_filter_v4,intervention_severity,0.117521,0.001972,10
0.2,boundary_learning_filter_v4,mechanism_utility,0.116955,0.017556,10
0.2,boundary_learning_filter_v4,recovery_success,0.301111,0.011310,10
0.2,boundary_learning_filter_v4,robust_utility,-0.159676,0.035330,10
0.2,boundary_learning_filter_v4,task_success,0.310000,0.024727,10
0.2,boundary_learning_filter_v4,transfer_violation,0.693889,0.014193,10
0.2,boundary_learning_filter_v4,unshielded_violation,0.807500,0.013313,10
0.2,cbf_safety_filter,action_regret,0.524813,0.006193,10
0.2,cbf_safety_filter,boundary_ece,0.172157,0.015333,10
0.2,cbf_safety_filter,boundary_f1,0.797194,0.009906,10
0.2,cbf_safety_filter,deployed_violation,0.297222,0.012038,10
0.2,cbf_safety_filter,filter_dependence,0.798086,0.008140,10
0.2,cbf_safety_filter,intervention_rate,0.935278,0.009326,10
0.2,cbf_safety_filter,intervention_severity,0.233448,0.002559,10
0.2,cbf_safety_filter,mechanism_utility,-0.178138,0.018593,10
0.2,cbf_safety_filter,recovery_success,0.550278,0.018622,10
0.2,cbf_safety_filter,robust_utility,0.053733,0.023844,10
0.2,cbf_safety_filter,task_success,0.514444,0.018575,10
0.2,cbf_safety_filter,transfer_violation,0.856944,0.009815,10
0.2,cbf_safety_filter,unshielded_violation,0.847222,0.016110,10
0.2,conformal_uncertainty_shield,action_regret,0.541972,0.006380,10
0.2,conformal_uncertainty_shield,boundary_ece,0.250486,0.017642,10
0.2,conformal_uncertainty_shield,boundary_f1,0.801149,0.010485,10
0.2,conformal_uncertainty_shield,deployed_violation,0.307778,0.014627,10
0.2,conformal_uncertainty_shield,filter_dependence,0.833553,0.004429,10
0.2,conformal_uncertainty_shield,intervention_rate,0.946667,0.004279,10
0.2,conformal_uncertainty_shield,intervention_severity,0.279390,0.001361,10
0.2,conformal_uncertainty_shield,mechanism_utility,-0.189120,0.017756,10
0.2,conformal_uncertainty_shield,recovery_success,0.534167,0.020404,10
0.2,conformal_uncertainty_shield,robust_utility,-0.003741,0.020832,10
0.2,conformal_uncertainty_shield,task_success,0.484167,0.015228,10
0.2,conformal_uncertainty_shield,transfer_violation,0.841111,0.008388,10
0.2,conformal_uncertainty_shield,unshielded_violation,0.840556,0.016418,10
0.2,counterfactual_boundary_learning_filter_v5,action_regret,0.475248,0.007980,10
0.2,counterfactual_boundary_learning_filter_v5,boundary_ece,0.094357,0.013954,10
0.2,counterfactual_boundary_learning_filter_v5,boundary_f1,0.766671,0.007966,10
0.2,counterfactual_boundary_learning_filter_v5,deployed_violation,0.446945,0.017302,10
0.2,counterfactual_boundary_learning_filter_v5,filter_dependence,0.215040,0.002669,10
0.2,counterfactual_boundary_learning_filter_v5,intervention_rate,0.845000,0.011386,10
0.2,counterfactual_boundary_learning_filter_v5,intervention_severity,0.125364,0.001736,10
0.2,counterfactual_boundary_learning_filter_v5,mechanism_utility,0.175590,0.017578,10
0.2,counterfactual_boundary_learning_filter_v5,recovery_success,0.353056,0.014953,10
0.2,counterfactual_boundary_learning_filter_v5,robust_utility,-0.041847,0.025685,10
0.2,counterfactual_boundary_learning_filter_v5,task_success,0.364722,0.016870,10
0.2,counterfactual_boundary_learning_filter_v5,transfer_violation,0.642222,0.017479,10
0.2,counterfactual_boundary_learning_filter_v5,unshielded_violation,0.786389,0.014529,10
0.2,geometric_projection_filter,action_regret,0.598135,0.004710,10
0.2,geometric_projection_filter,boundary_ece,0.200836,0.016166,10
0.2,geometric_projection_filter,boundary_f1,0.661945,0.011863,10
0.2,geometric_projection_filter,deployed_violation,0.557778,0.016167,10
0.2,geometric_projection_filter,filter_dependence,0.469427,0.009666,10
0.2,geometric_projection_filter,intervention_rate,0.630556,0.014081,10
0.2,geometric_projection_filter,intervention_severity,0.127735,0.002798,10
0.2,geometric_projection_filter,mechanism_utility,-0.045078,0.012588,10
0.2,geometric_projection_filter,recovery_success,0.283611,0.014887,10
0.2,geometric_projection_filter,robust_utility,-0.250532,0.012443,10
0.2,geometric_projection_filter,task_success,0.286389,0.006152,10
0.2,geometric_projection_filter,transfer_violation,0.860833,0.007888,10
0.2,geometric_projection_filter,unshielded_violation,0.839722,0.011306,10
0.2,lagrangian_safe_rl,action_regret,0.574682,0.007879,10
0.2,lagrangian_safe_rl,boundary_ece,0.183873,0.020796,10
0.2,lagrangian_safe_rl,boundary_f1,0.654103,0.011015,10
0.2,lagrangian_safe_rl,deployed_violation,0.646389,0.019748,10
0.2,lagrangian_safe_rl,filter_dependence,0.231968,0.003941,10
0.2,lagrangian_safe_rl,intervention_rate,0.607222,0.010176,10
0.2,lagrangian_safe_rl,intervention_severity,0.077536,0.001385,10
0.2,lagrangian_safe_rl,mechanism_utility,0.102220,0.015306,10
0.2,lagrangian_safe_rl,recovery_success,0.186667,0.012673,10
0.2,lagrangian_safe_rl,robust_utility,-0.270990,0.024205,10
0.2,lagrangian_safe_rl,task_success,0.257778,0.016787,10
0.2,lagrangian_safe_rl,transfer_violation,0.764444,0.015754,10
0.2,lagrangian_safe_rl,unshielded_violation,0.815834,0.012012,10
0.2,oracle_boundary_teacher,action_regret,0.289426,0.003047,10
0.2,oracle_boundary_teacher,boundary_ece,0.034877,0.008346,10
0.2,oracle_boundary_teacher,boundary_f1,0.815461,0.011522,10
0.2,oracle_boundary_teacher,deployed_violation,0.131667,0.005576,10
0.2,oracle_boundary_teacher,filter_dependence,0.160535,0.001004,10
0.2,oracle_boundary_teacher,intervention_rate,0.981944,0.005213,10
0.2,oracle_boundary_teacher,intervention_severity,0.083550,0.000450,10
0.2,oracle_boundary_teacher,mechanism_utility,0.290387,0.015686,10
0.2,oracle_boundary_teacher,recovery_success,0.632500,0.011100,10
0.2,oracle_boundary_teacher,robust_utility,0.409761,0.012746,10
0.2,oracle_boundary_teacher,task_success,0.583055,0.011661,10
0.2,oracle_boundary_teacher,transfer_violation,0.508333,0.015717,10
0.2,oracle_boundary_teacher,unshielded_violation,0.756944,0.012865,10
0.2,recovery_policy_shield,action_regret,0.471713,0.005079,10
0.2,recovery_policy_shield,boundary_ece,0.126495,0.012967,10
0.2,recovery_policy_shield,boundary_f1,0.766575,0.013859,10
0.2,recovery_policy_shield,deployed_violation,0.354444,0.012016,10
0.2,recovery_policy_shield,filter_dependence,0.568669,0.008792,10
0.2,recovery_policy_shield,intervention_rate,0.845556,0.012915,10
0.2,recovery_policy_shield,intervention_severity,0.164170,0.002507,10
0.2,recovery_policy_shield,mechanism_utility,-0.033590,0.017924,10
0.2,recovery_policy_shield,recovery_success,0.466111,0.019827,10
0.2,recovery_policy_shield,robust_utility,0.111403,0.019312,10
0.2,recovery_policy_shield,task_success,0.537500,0.015319,10
0.2,recovery_policy_shield,transfer_violation,0.767778,0.016814,10
0.2,recovery_policy_shield,unshielded_violation,0.827500,0.012186,10
0.2,robust_mpc_shield,action_regret,0.469865,0.005184,10
0.2,robust_mpc_shield,boundary_ece,0.142621,0.016595,10
0.2,robust_mpc_shield,boundary_f1,0.799784,0.012349,10
0.2,robust_mpc_shield,deployed_violation,0.235278,0.006937,10
0.2,robust_mpc_shield,filter_dependence,0.773950,0.008975,10
0.2,robust_mpc_shield,intervention_rate,0.947778,0.007341,10
0.2,robust_mpc_shield,intervention_severity,0.222170,0.001576,10
0.2,robust_mpc_shield,mechanism_utility,-0.143221,0.018049,10
0.2,robust_mpc_shield,recovery_success,0.599167,0.010458,10
0.2,robust_mpc_shield,robust_utility,0.210730,0.021521,10
0.2,robust_mpc_shield,task_success,0.619444,0.018895,10
0.2,robust_mpc_shield,transfer_violation,0.830833,0.013998,10
0.2,robust_mpc_shield,unshielded_violation,0.836111,0.013061,10
0.2,safety_filter_distillation,action_regret,0.521472,0.005478,10
0.2,safety_filter_distillation,boundary_ece,0.129189,0.011224,10
0.2,safety_filter_distillation,boundary_f1,0.771386,0.014104,10
0.2,safety_filter_distillation,deployed_violation,0.506667,0.011823,10
0.2,safety_filter_distillation,filter_dependence,0.282440,0.003538,10
0.2,safety_filter_distillation,intervention_rate,0.863889,0.006493,10
0.2,safety_filter_distillation,intervention_severity,0.117847,0.000854,10
0.2,safety_filter_distillation,mechanism_utility,0.103342,0.011782,10
0.2,safety_filter_distillation,recovery_success,0.311111,0.012309,10
0.2,safety_filter_distillation,robust_utility,-0.127948,0.020205,10
0.2,safety_filter_distillation,task_success,0.330833,0.017641,10
0.2,safety_filter_distillation,transfer_violation,0.727777,0.010828,10
0.2,safety_filter_distillation,unshielded_violation,0.806111,0.009493,10
0.2,shielded_behavior_cloning,action_regret,0.593861,0.007355,10
0.2,shielded_behavior_cloning,boundary_ece,0.157677,0.010964,10
0.2,shielded_behavior_cloning,boundary_f1,0.684034,0.010011,10
0.2,shielded_behavior_cloning,deployed_violation,0.660278,0.016172,10
0.2,shielded_behavior_cloning,filter_dependence,0.274390,0.004612,10
0.2,shielded_behavior_cloning,intervention_rate,0.655000,0.011923,10
0.2,shielded_behavior_cloning,intervention_severity,0.095500,0.001821,10
0.2,shielded_behavior_cloning,mechanism_utility,0.066443,0.012172,10
0.2,shielded_behavior_cloning,recovery_success,0.188333,0.014469,10
0.2,shielded_behavior_cloning,robust_utility,-0.312477,0.021896,10
0.2,shielded_behavior_cloning,task_success,0.239722,0.012256,10
0.2,shielded_behavior_cloning,transfer_violation,0.782778,0.014806,10
0.2,shielded_behavior_cloning,unshielded_violation,0.826111,0.007960,10
0.2,unfiltered_policy,action_regret,0.647356,0.006244,10
0.2,unfiltered_policy,boundary_ece,0.514608,0.018782,10
0.2,unfiltered_policy,boundary_f1,0.000000,0.000000,10
0.2,unfiltered_policy,deployed_violation,0.851111,0.012786,10
0.2,unfiltered_policy,filter_dependence,0.000000,0.000000,10
0.2,unfiltered_policy,intervention_rate,0.000000,0.000000,10
0.2,unfiltered_policy,intervention_severity,0.000000,0.000000,10
0.2,unfiltered_policy,mechanism_utility,0.129931,0.017651,10
0.2,unfiltered_policy,recovery_success,0.000000,0.000000,10
0.2,unfiltered_policy,robust_utility,-0.472221,0.020835,10
0.2,unfiltered_policy,task_success,0.125000,0.014721,10
0.2,unfiltered_policy,transfer_violation,0.862222,0.009045,10
0.2,unfiltered_policy,unshielded_violation,0.846667,0.014939,10
0.4,action_clipping_filter,action_regret,0.676159,0.009107,10
0.4,action_clipping_filter,boundary_ece,0.135491,0.011045,10
0.4,action_clipping_filter,boundary_f1,0.822792,0.010259,10
0.4,action_clipping_filter,deployed_violation,0.567500,0.017275,10
0.4,action_clipping_filter,filter_dependence,0.738668,0.007637,10
0.4,action_clipping_filter,intervention_rate,0.932500,0.007572,10
0.4,action_clipping_filter,intervention_severity,0.229983,0.001891,10
0.4,action_clipping_filter,mechanism_utility,-0.217380,0.010580,10
0.4,action_clipping_filter,recovery_success,0.332222,0.015763,10
0.4,action_clipping_filter,robust_utility,-0.448702,0.026737,10
0.4,action_clipping_filter,task_success,0.181389,0.014700,10
0.4,action_clipping_filter,transfer_violation,0.899444,0.009458,10
0.4,action_clipping_filter,unshielded_violation,0.880000,0.008229,10
0.4,adversarial_safety_critic,action_regret,0.599488,0.004244,10
0.4,adversarial_safety_critic,boundary_ece,0.258529,0.011836,10
0.4,adversarial_safety_critic,boundary_f1,0.684918,0.014239,10
0.4,adversarial_safety_critic,deployed_violation,0.661944,0.011902,10
0.4,adversarial_safety_critic,filter_dependence,0.255017,0.006216,10
0.4,adversarial_safety_critic,intervention_rate,0.627500,0.013470,10
0.4,adversarial_safety_critic,intervention_severity,0.097822,0.002209,10
0.4,adversarial_safety_critic,mechanism_utility,0.039160,0.015016,10
0.4,adversarial_safety_critic,recovery_success,0.203055,0.010872,10
0.4,adversarial_safety_critic,robust_utility,-0.376460,0.011467,10
0.4,adversarial_safety_critic,task_success,0.174722,0.007929,10
0.4,adversarial_safety_critic,transfer_violation,0.787500,0.011907,10
0.4,adversarial_safety_critic,unshielded_violation,0.857778,0.010451,10
0.4,boundary_learning_filter_v4,action_regret,0.551890,0.005533,10
0.4,boundary_learning_filter_v4,boundary_ece,0.115599,0.012551,10
0.4,boundary_learning_filter_v4,boundary_f1,0.812909,0.011208,10
0.4,boundary_learning_filter_v4,deployed_violation,0.560278,0.010584,10
0.4,boundary_learning_filter_v4,filter_dependence,0.291443,0.003065,10
0.4,boundary_learning_filter_v4,intervention_rate,0.903611,0.008475,10
0.4,boundary_learning_filter_v4,intervention_severity,0.129969,0.001282,10
0.4,boundary_learning_filter_v4,mechanism_utility,0.054217,0.014895,10
0.4,boundary_learning_filter_v4,recovery_success,0.303889,0.010432,10
0.4,boundary_learning_filter_v4,robust_utility,-0.248682,0.020927,10
0.4,boundary_learning_filter_v4,task_success,0.250833,0.017237,10
0.4,boundary_learning_filter_v4,transfer_violation,0.727500,0.016721,10
0.4,boundary_learning_filter_v4,unshielded_violation,0.846944,0.011230,10
0.4,cbf_safety_filter,action_regret,0.541368,0.006645,10
0.4,cbf_safety_filter,boundary_ece,0.179806,0.015233,10
0.4,cbf_safety_filter,boundary_f1,0.833850,0.009812,10
0.4,cbf_safety_filter,deployed_violation,0.301945,0.008966,10
0.4,cbf_safety_filter,filter_dependence,0.830020,0.007164,10
0.4,cbf_safety_filter,intervention_rate,0.958333,0.005853,10
0.4,cbf_safety_filter,intervention_severity,0.246351,0.001576,10
0.4,cbf_safety_filter,mechanism_utility,-0.231848,0.012447,10
0.4,cbf_safety_filter,recovery_success,0.573889,0.013192,10
0.4,cbf_safety_filter,robust_utility,-0.005202,0.023839,10
0.4,cbf_safety_filter,task_success,0.470000,0.018017,10
0.4,cbf_safety_filter,transfer_violation,0.891944,0.005765,10
0.4,cbf_safety_filter,unshielded_violation,0.875278,0.012186,10
0.4,conformal_uncertainty_shield,action_regret,0.563322,0.006479,10
0.4,conformal_uncertainty_shield,boundary_ece,0.260849,0.016497,10
0.4,conformal_uncertainty_shield,boundary_f1,0.841496,0.008626,10
0.4,conformal_uncertainty_shield,deployed_violation,0.315000,0.015595,10
0.4,conformal_uncertainty_shield,filter_dependence,0.874186,0.004628,10
0.4,conformal_uncertainty_shield,intervention_rate,0.978056,0.004174,10
0.4,conformal_uncertainty_shield,intervention_severity,0.297885,0.001324,10
0.4,conformal_uncertainty_shield,mechanism_utility,-0.250972,0.013475,10
0.4,conformal_uncertainty_shield,recovery_success,0.555000,0.017573,10
0.4,conformal_uncertainty_shield,robust_utility,-0.077635,0.019119,10
0.4,conformal_uncertainty_shield,task_success,0.430000,0.011978,10
0.4,conformal_uncertainty_shield,transfer_violation,0.881667,0.006991,10
0.4,conformal_uncertainty_shield,unshielded_violation,0.870556,0.011193,10
0.4,counterfactual_boundary_learning_filter_v5,action_regret,0.499104,0.007927,10
0.4,counterfactual_boundary_learning_filter_v5,boundary_ece,0.091127,0.013740,10
0.4,counterfactual_boundary_learning_filter_v5,boundary_f1,0.819089,0.008062,10
0.4,counterfactual_boundary_learning_filter_v5,deployed_violation,0.475556,0.019288,10
0.4,counterfactual_boundary_learning_filter_v5,filter_dependence,0.235752,0.001750,10
0.4,counterfactual_boundary_learning_filter_v5,intervention_rate,0.913055,0.004666,10
0.4,counterfactual_boundary_learning_filter_v5,intervention_severity,0.139518,0.000808,10
0.4,counterfactual_boundary_learning_filter_v5,mechanism_utility,0.101963,0.019330,10
0.4,counterfactual_boundary_learning_filter_v5,recovery_success,0.367500,0.017332,10
0.4,counterfactual_boundary_learning_filter_v5,robust_utility,-0.118000,0.023339,10
0.4,counterfactual_boundary_learning_filter_v5,task_success,0.316389,0.015019,10
0.4,counterfactual_boundary_learning_filter_v5,transfer_violation,0.685000,0.014881,10
0.4,counterfactual_boundary_learning_filter_v5,unshielded_violation,0.835000,0.015950,10
0.4,geometric_projection_filter,action_regret,0.619358,0.007635,10
0.4,geometric_projection_filter,boundary_ece,0.223712,0.010177,10
0.4,geometric_projection_filter,boundary_f1,0.721690,0.012379,10
0.4,geometric_projection_filter,deployed_violation,0.564167,0.017321,10
0.4,geometric_projection_filter,filter_dependence,0.535528,0.007663,10
0.4,geometric_projection_filter,intervention_rate,0.709167,0.009432,10
0.4,geometric_projection_filter,intervention_severity,0.146390,0.001880,10
0.4,geometric_projection_filter,mechanism_utility,-0.123443,0.009037,10
0.4,geometric_projection_filter,recovery_success,0.322500,0.013998,10
0.4,geometric_projection_filter,robust_utility,-0.313826,0.024067,10
0.4,geometric_projection_filter,task_success,0.246944,0.017321,10
0.4,geometric_projection_filter,transfer_violation,0.887778,0.010400,10
0.4,geometric_projection_filter,unshielded_violation,0.881389,0.005448,10
0.4,lagrangian_safe_rl,action_regret,0.597619,0.005864,10
0.4,lagrangian_safe_rl,boundary_ece,0.192821,0.010864,10
0.4,lagrangian_safe_rl,boundary_f1,0.728796,0.013383,10
0.4,lagrangian_safe_rl,deployed_violation,0.665556,0.013167,10
0.4,lagrangian_safe_rl,filter_dependence,0.274843,0.003062,10
0.4,lagrangian_safe_rl,intervention_rate,0.708889,0.005785,10
0.4,lagrangian_safe_rl,intervention_severity,0.092616,0.000797,10
0.4,lagrangian_safe_rl,mechanism_utility,0.027372,0.011897,10
0.4,lagrangian_safe_rl,recovery_success,0.215278,0.011990,10
0.4,lagrangian_safe_rl,robust_utility,-0.342138,0.019676,10
0.4,lagrangian_safe_rl,task_success,0.213056,0.015163,10
0.4,lagrangian_safe_rl,transfer_violation,0.805556,0.013162,10
0.4,lagrangian_safe_rl,unshielded_violation,0.858333,0.009218,10
0.4,oracle_boundary_teacher,action_regret,0.305044,0.005338,10
0.4,oracle_boundary_teacher,boundary_ece,0.043488,0.008559,10
0.4,oracle_boundary_teacher,boundary_f1,0.848685,0.009721,10
0.4,oracle_boundary_teacher,deployed_violation,0.153333,0.012672,10
0.4,oracle_boundary_teacher,filter_dependence,0.165450,0.000725,10
0.4,oracle_boundary_teacher,intervention_rate,0.997500,0.001270,10
0.4,oracle_boundary_teacher,intervention_severity,0.089324,0.000166,10
0.4,oracle_boundary_teacher,mechanism_utility,0.220537,0.016992,10
0.4,oracle_boundary_teacher,recovery_success,0.653333,0.018716,10
0.4,oracle_boundary_teacher,robust_utility,0.357032,0.017737,10
0.4,oracle_boundary_teacher,task_success,0.547778,0.014006,10
0.4,oracle_boundary_teacher,transfer_violation,0.564722,0.016091,10
0.4,oracle_boundary_teacher,unshielded_violation,0.805556,0.012781,10
0.4,recovery_policy_shield,action_regret,0.495211,0.006807,10
0.4,recovery_policy_shield,boundary_ece,0.125670,0.014851,10
0.4,recovery_policy_shield,boundary_f1,0.814912,0.008907,10
0.4,recovery_policy_shield,deployed_violation,0.367500,0.011451,10
0.4,recovery_policy_shield,filter_dependence,0.619935,0.007166,10
0.4,recovery_policy_shield,intervention_rate,0.909167,0.008279,10
0.4,recovery_policy_shield,intervention_severity,0.180843,0.001664,10
0.4,recovery_policy_shield,mechanism_utility,-0.101578,0.015646,10
0.4,recovery_policy_shield,recovery_success,0.491944,0.009411,10
0.4,recovery_policy_shield,robust_utility,0.035675,0.023971,10
0.4,recovery_policy_shield,task_success,0.486667,0.019288,10
0.4,recovery_policy_shield,transfer_violation,0.796389,0.018294,10
0.4,recovery_policy_shield,unshielded_violation,0.863611,0.010811,10
0.4,robust_mpc_shield,action_regret,0.492679,0.007375,10
0.4,robust_mpc_shield,boundary_ece,0.148401,0.011870,10
0.4,robust_mpc_shield,boundary_f1,0.841889,0.009339,10
0.4,robust_mpc_shield,deployed_violation,0.253889,0.016970,10
0.4,robust_mpc_shield,filter_dependence,0.810575,0.005444,10
0.4,robust_mpc_shield,intervention_rate,0.977222,0.006276,10
0.4,robust_mpc_shield,intervention_severity,0.235550,0.001379,10
0.4,robust_mpc_shield,mechanism_utility,-0.207257,0.011624,10
0.4,robust_mpc_shield,recovery_success,0.615278,0.009782,10
0.4,robust_mpc_shield,robust_utility,0.135936,0.025811,10
0.4,robust_mpc_shield,task_success,0.569167,0.020200,10
0.4,robust_mpc_shield,transfer_violation,0.876667,0.009712,10
0.4,robust_mpc_shield,unshielded_violation,0.868889,0.011923,10
0.4,safety_filter_distillation,action_regret,0.544199,0.005616,10
0.4,safety_filter_distillation,boundary_ece,0.129440,0.009610,10
0.4,safety_filter_distillation,boundary_f1,0.823069,0.011195,10
0.4,safety_filter_distillation,deployed_violation,0.532222,0.015210,10
0.4,safety_filter_distillation,filter_dependence,0.307260,0.002582,10
0.4,safety_filter_distillation,intervention_rate,0.925833,0.004940,10
0.4,safety_filter_distillation,intervention_severity,0.130585,0.000645,10
0.4,safety_filter_distillation,mechanism_utility,0.031061,0.015660,10
0.4,safety_filter_distillation,recovery_success,0.332222,0.013488,10
0.4,safety_filter_distillation,robust_utility,-0.200575,0.015751,10
0.4,safety_filter_distillation,task_success,0.284445,0.011512,10
0.4,safety_filter_distillation,transfer_violation,0.776389,0.015276,10
0.4,safety_filter_distillation,unshielded_violation,0.850556,0.011950,10
0.4,shielded_behavior_cloning,action_regret,0.616577,0.006196,10
0.4,shielded_behavior_cloning,boundary_ece,0.169508,0.011448,10
0.4,shielded_behavior_cloning,boundary_f1,0.739633,0.010376,10
0.4,shielded_behavior_cloning,deployed_violation,0.678056,0.012870,10
0.4,shielded_behavior_cloning,filter_dependence,0.315164,0.008140,10
0.4,shielded_behavior_cloning,intervention_rate,0.743889,0.020026,10
0.4,shielded_behavior_cloning,intervention_severity,0.111367,0.003017,10
0.4,shielded_behavior_cloning,mechanism_utility,-0.005595,0.013431,10
0.4,shielded_behavior_cloning,recovery_success,0.210000,0.012812,10
0.4,shielded_behavior_cloning,robust_utility,-0.384276,0.021441,10
0.4,shielded_behavior_cloning,task_success,0.193333,0.016438,10
0.4,shielded_behavior_cloning,transfer_violation,0.828611,0.011846,10
0.4,shielded_behavior_cloning,unshielded_violation,0.865000,0.010432,10
0.4,unfiltered_policy,action_regret,0.663022,0.005412,10
0.4,unfiltered_policy,boundary_ece,0.559012,0.012798,10
0.4,unfiltered_policy,boundary_f1,0.000000,0.000000,10
0.4,unfiltered_policy,deployed_violation,0.871944,0.012559,10
0.4,unfiltered_policy,filter_dependence,0.000000,0.000000,10
0.4,unfiltered_policy,intervention_rate,0.000000,0.000000,10
0.4,unfiltered_policy,intervention_severity,0.000000,0.000000,10
0.4,unfiltered_policy,mechanism_utility,0.091365,0.012725,10
0.4,unfiltered_policy,recovery_success,0.000000,0.000000,10
0.4,unfiltered_policy,robust_utility,-0.531811,0.015926,10
0.4,unfiltered_policy,task_success,0.080000,0.009318,10
0.4,unfiltered_policy,transfer_violation,0.896667,0.009458,10
0.4,unfiltered_policy,unshielded_violation,0.873333,0.010712,10
0.6,action_clipping_filter,action_regret,0.699482,0.002940,10
0.6,action_clipping_filter,boundary_ece,0.161030,0.011598,10
0.6,action_clipping_filter,boundary_f1,0.867525,0.010575,10
0.6,action_clipping_filter,deployed_violation,0.608333,0.006442,10
0.6,action_clipping_filter,filter_dependence,0.768314,0.004886,10
0.6,action_clipping_filter,intervention_rate,0.951389,0.006404,10
0.6,action_clipping_filter,intervention_severity,0.239113,0.001411,10
0.6,action_clipping_filter,mechanism_utility,-0.274926,0.016282,10
0.6,action_clipping_filter,recovery_success,0.326111,0.016053,10
0.6,action_clipping_filter,robust_utility,-0.509105,0.010335,10
0.6,action_clipping_filter,task_success,0.156111,0.007561,10
0.6,action_clipping_filter,transfer_violation,0.925833,0.006889,10
0.6,action_clipping_filter,unshielded_violation,0.915278,0.014365,10
0.6,adversarial_safety_critic,action_regret,0.615845,0.006856,10
0.6,adversarial_safety_critic,boundary_ece,0.273308,0.017481,10
0.6,adversarial_safety_critic,boundary_f1,0.770116,0.015682,10
0.6,adversarial_safety_critic,deployed_violation,0.670278,0.013655,10
0.6,adversarial_safety_critic,filter_dependence,0.305727,0.004909,10
0.6,adversarial_safety_critic,intervention_rate,0.739167,0.009687,10
0.6,adversarial_safety_critic,intervention_severity,0.118160,0.001557,10
0.6,adversarial_safety_critic,mechanism_utility,-0.037302,0.013738,10
0.6,adversarial_safety_critic,recovery_success,0.237222,0.010176,10
0.6,adversarial_safety_critic,robust_utility,-0.418048,0.021177,10
0.6,adversarial_safety_critic,task_success,0.155000,0.013057,10
0.6,adversarial_safety_critic,transfer_violation,0.837778,0.015467,10
0.6,adversarial_safety_critic,unshielded_violation,0.896111,0.011426,10
0.6,boundary_learning_filter_v4,action_regret,0.581206,0.010052,10
0.6,boundary_learning_filter_v4,boundary_ece,0.130034,0.018106,10
0.6,boundary_learning_filter_v4,boundary_f1,0.866457,0.011497,10
0.6,boundary_learning_filter_v4,deployed_violation,0.597222,0.021565,10
0.6,boundary_learning_filter_v4,filter_dependence,0.311140,0.002309,10
0.6,boundary_learning_filter_v4,intervention_rate,0.946389,0.004736,10
0.6,boundary_learning_filter_v4,intervention_severity,0.140263,0.000679,10
0.6,boundary_learning_filter_v4,mechanism_utility,-0.010184,0.016279,10
0.6,boundary_learning_filter_v4,recovery_success,0.302500,0.019024,10
0.6,boundary_learning_filter_v4,robust_utility,-0.347411,0.030793,10
0.6,boundary_learning_filter_v4,task_success,0.184445,0.018170,10
0.6,boundary_learning_filter_v4,transfer_violation,0.784722,0.020099,10
0.6,boundary_learning_filter_v4,unshielded_violation,0.882500,0.010860,10
0.6,cbf_safety_filter,action_regret,0.568120,0.006078,10
0.6,cbf_safety_filter,boundary_ece,0.205890,0.015885,10
0.6,cbf_safety_filter,boundary_f1,0.878582,0.009984,10
0.6,cbf_safety_filter,deployed_violation,0.325000,0.013581,10
0.6,cbf_safety_filter,filter_dependence,0.866837,0.004490,10
0.6,cbf_safety_filter,intervention_rate,0.982500,0.003251,10
0.6,cbf_safety_filter,intervention_severity,0.259688,0.000842,10
0.6,cbf_safety_filter,mechanism_utility,-0.296643,0.013792,10
0.6,cbf_safety_filter,recovery_success,0.587500,0.008560,10
0.6,cbf_safety_filter,robust_utility,-0.095726,0.019377,10
0.6,cbf_safety_filter,task_success,0.407222,0.014132,10
0.6,cbf_safety_filter,transfer_violation,0.928611,0.009076,10
0.6,cbf_safety_filter,unshielded_violation,0.911111,0.010457,10
0.6,conformal_uncertainty_shield,action_regret,0.591583,0.006240,10
0.6,conformal_uncertainty_shield,boundary_ece,0.276668,0.015559,10
0.6,conformal_uncertainty_shield,boundary_f1,0.883515,0.011420,10
0.6,conformal_uncertainty_shield,deployed_violation,0.341389,0.014953,10
0.6,conformal_uncertainty_shield,filter_dependence,0.903420,0.005975,10
0.6,conformal_uncertainty_shield,intervention_rate,0.991944,0.002495,10
0.6,conformal_uncertainty_shield,intervention_severity,0.313178,0.000910,10
0.6,conformal_uncertainty_shield,mechanism_utility,-0.310755,0.012960,10
0.6,conformal_uncertainty_shield,recovery_success,0.565000,0.014271,10
0.6,conformal_uncertainty_shield,robust_utility,-0.174478,0.017441,10
0.6,conformal_uncertainty_shield,task_success,0.362222,0.011397,10
0.6,conformal_uncertainty_shield,transfer_violation,0.909722,0.011935,10
0.6,conformal_uncertainty_shield,unshielded_violation,0.906111,0.009630,10
0.6,counterfactual_boundary_learning_filter_v5,action_regret,0.527339,0.007894,10
0.6,counterfactual_boundary_learning_filter_v5,boundary_ece,0.110216,0.013455,10
0.6,counterfactual_boundary_learning_filter_v5,boundary_f1,0.875147,0.011202,10
0.6,counterfactual_boundary_learning_filter_v5,deployed_violation,0.511389,0.022174,10
0.6,counterfactual_boundary_learning_filter_v5,filter_dependence,0.253945,0.002045,10
0.6,counterfactual_boundary_learning_filter_v5,intervention_rate,0.965278,0.006705,10
0.6,counterfactual_boundary_learning_filter_v5,intervention_severity,0.152029,0.001307,10
0.6,counterfactual_boundary_learning_filter_v5,mechanism_utility,0.026937,0.012613,10
0.6,counterfactual_boundary_learning_filter_v5,recovery_success,0.375556,0.017441,10
0.6,counterfactual_boundary_learning_filter_v5,robust_utility,-0.211495,0.019114,10
0.6,counterfactual_boundary_learning_filter_v5,task_success,0.254722,0.007954,10
0.6,counterfactual_boundary_learning_filter_v5,transfer_violation,0.749722,0.012895,10
0.6,counterfactual_boundary_learning_filter_v5,unshielded_violation,0.879167,0.010210,10
0.6,geometric_projection_filter,action_regret,0.640777,0.005874,10
0.6,geometric_projection_filter,boundary_ece,0.241875,0.014098,10
0.6,geometric_projection_filter,boundary_f1,0.795345,0.015201,10
0.6,geometric_projection_filter,deployed_violation,0.568056,0.012154,10
0.6,geometric_projection_filter,filter_dependence,0.605137,0.009761,10
0.6,geometric_projection_filter,intervention_rate,0.784722,0.010652,10
0.6,geometric_projection_filter,intervention_severity,0.165461,0.002371,10
0.6,geometric_projection_filter,mechanism_utility,-0.192298,0.014166,10
0.6,geometric_projection_filter,recovery_success,0.351667,0.012207,10
0.6,geometric_projection_filter,robust_utility,-0.378941,0.019594,10
0.6,geometric_projection_filter,task_success,0.205000,0.014285,10
0.6,geometric_projection_filter,transfer_violation,0.923056,0.006184,10
0.6,geometric_projection_filter,unshielded_violation,0.909722,0.011224,10
0.6,lagrangian_safe_rl,action_regret,0.616748,0.008572,10
0.6,lagrangian_safe_rl,boundary_ece,0.216062,0.013643,10
0.6,lagrangian_safe_rl,boundary_f1,0.794920,0.014246,10
0.6,lagrangian_safe_rl,deployed_violation,0.675833,0.015718,10
0.6,lagrangian_safe_rl,filter_dependence,0.311430,0.004067,10
0.6,lagrangian_safe_rl,intervention_rate,0.789167,0.008053,10
0.6,lagrangian_safe_rl,intervention_severity,0.105917,0.001063,10
0.6,lagrangian_safe_rl,mechanism_utility,-0.044907,0.016817,10
0.6,lagrangian_safe_rl,recovery_success,0.237222,0.014109,10
0.6,lagrangian_safe_rl,robust_utility,-0.406481,0.029098,10
0.6,lagrangian_safe_rl,task_success,0.167778,0.020471,10
0.6,lagrangian_safe_rl,transfer_violation,0.856111,0.016767,10
0.6,lagrangian_safe_rl,unshielded_violation,0.898334,0.011961,10
0.6,oracle_boundary_teacher,action_regret,0.329592,0.005231,10
0.6,oracle_boundary_teacher,boundary_ece,0.039536,0.012423,10
0.6,oracle_boundary_teacher,boundary_f1,0.886075,0.010540,10
0.6,oracle_boundary_teacher,deployed_violation,0.183056,0.011746,10
0.6,oracle_boundary_teacher,filter_dependence,0.168975,0.000925,10
0.6,oracle_boundary_teacher,intervention_rate,1.000000,0.000000,10
0.6,oracle_boundary_teacher,intervention_severity,0.093973,0.000077,10
0.6,oracle_boundary_teacher,mechanism_utility,0.147012,0.017259,10
0.6,oracle_boundary_teacher,recovery_success,0.676389,0.018812,10
0.6,oracle_boundary_teacher,robust_utility,0.265134,0.018118,10
0.6,oracle_boundary_teacher,task_success,0.478889,0.014432,10
0.6,oracle_boundary_teacher,transfer_violation,0.616944,0.013098,10
0.6,oracle_boundary_teacher,unshielded_violation,0.858889,0.014423,10
0.6,recovery_policy_shield,action_regret,0.519539,0.005309,10
0.6,recovery_policy_shield,boundary_ece,0.147861,0.014360,10
0.6,recovery_policy_shield,boundary_f1,0.860834,0.015256,10
0.6,recovery_policy_shield,deployed_violation,0.385833,0.013950,10
0.6,recovery_policy_shield,filter_dependence,0.652022,0.009899,10
0.6,recovery_policy_shield,intervention_rate,0.938611,0.010658,10
0.6,recovery_policy_shield,intervention_severity,0.191646,0.002308,10
0.6,recovery_policy_shield,mechanism_utility,-0.168963,0.014962,10
0.6,recovery_policy_shield,recovery_success,0.513611,0.014574,10
0.6,recovery_policy_shield,robust_utility,-0.050768,0.014600,10
0.6,recovery_policy_shield,task_success,0.423333,0.010046,10
0.6,recovery_policy_shield,transfer_violation,0.851389,0.017298,10
0.6,recovery_policy_shield,unshielded_violation,0.898889,0.008043,10
0.6,robust_mpc_shield,action_regret,0.512467,0.006723,10
0.6,robust_mpc_shield,boundary_ece,0.160819,0.013251,10
0.6,robust_mpc_shield,boundary_f1,0.879824,0.010967,10
0.6,robust_mpc_shield,deployed_violation,0.276111,0.015950,10
0.6,robust_mpc_shield,filter_dependence,0.830675,0.005426,10
0.6,robust_mpc_shield,intervention_rate,0.983055,0.003085,10
0.6,robust_mpc_shield,intervention_severity,0.244737,0.000742,10
0.6,robust_mpc_shield,mechanism_utility,-0.267424,0.010249,10
0.6,robust_mpc_shield,recovery_success,0.632500,0.017351,10
0.6,robust_mpc_shield,robust_utility,0.070819,0.018788,10
0.6,robust_mpc_shield,task_success,0.526111,0.010743,10
0.6,robust_mpc_shield,transfer_violation,0.911111,0.007869,10
0.6,robust_mpc_shield,unshielded_violation,0.908056,0.007003,10
0.6,safety_filter_distillation,action_regret,0.570261,0.005905,10
0.6,safety_filter_distillation,boundary_ece,0.141086,0.016256,10
0.6,safety_filter_distillation,boundary_f1,0.871534,0.010893,10
0.6,safety_filter_distillation,deployed_violation,0.563889,0.018773,10
0.6,safety_filter_distillation,filter_dependence,0.326240,0.002378,10
0.6,safety_filter_distillation,intervention_rate,0.965556,0.004154,10
0.6,safety_filter_distillation,intervention_severity,0.140684,0.000649,10
0.6,safety_filter_distillation,mechanism_utility,-0.036922,0.011315,10
0.6,safety_filter_distillation,recovery_success,0.345278,0.019581,10
0.6,safety_filter_distillation,robust_utility,-0.288320,0.012973,10
0.6,safety_filter_distillation,task_success,0.225278,0.009411,10
0.6,safety_filter_distillation,transfer_violation,0.813333,0.014193,10
0.6,safety_filter_distillation,unshielded_violation,0.896389,0.008818,10
0.6,shielded_behavior_cloning,action_regret,0.640966,0.004615,10
0.6,shielded_behavior_cloning,boundary_ece,0.193385,0.012047,10
0.6,shielded_behavior_cloning,boundary_f1,0.804363,0.008272,10
0.6,shielded_behavior_cloning,deployed_violation,0.702222,0.011181,10
0.6,shielded_behavior_cloning,filter_dependence,0.350903,0.002257,10
0.6,shielded_behavior_cloning,intervention_rate,0.812500,0.006506,10
0.6,shielded_behavior_cloning,intervention_severity,0.124211,0.001169,10
0.6,shielded_behavior_cloning,mechanism_utility,-0.070438,0.009950,10
0.6,shielded_behavior_cloning,recovery_success,0.221389,0.013533,10
0.6,shielded_behavior_cloning,robust_utility,-0.462246,0.012919,10
0.6,shielded_behavior_cloning,task_success,0.143056,0.007581,10
0.6,shielded_behavior_cloning,transfer_violation,0.870556,0.012552,10
0.6,shielded_behavior_cloning,unshielded_violation,0.900000,0.008237,10
0.6,unfiltered_policy,action_regret,0.687067,0.004048,10
0.6,unfiltered_policy,boundary_ece,0.613074,0.016879,10
0.6,unfiltered_policy,boundary_f1,0.000000,0.000000,10
0.6,unfiltered_policy,deployed_violation,0.918611,0.008930,10
0.6,unfiltered_policy,filter_dependence,0.000000,0.000000,10
0.6,unfiltered_policy,intervention_rate,0.000000,0.000000,10
0.6,unfiltered_policy,intervention_severity,0.000000,0.000000,10
0.6,unfiltered_policy,mechanism_utility,0.041460,0.012966,10
0.6,unfiltered_policy,recovery_success,0.000000,0.000000,10
0.6,unfiltered_policy,robust_utility,-0.608281,0.011968,10
0.6,unfiltered_policy,task_success,0.034444,0.006503,10
0.6,unfiltered_policy,transfer_violation,0.924444,0.008269,10
0.6,unfiltered_policy,unshielded_violation,0.912500,0.010744,10
0.8,action_clipping_filter,action_regret,0.713656,0.005472,10
0.8,action_clipping_filter,boundary_ece,0.168204,0.010329,10
0.8,action_clipping_filter,boundary_f1,0.891597,0.004356,10
0.8,action_clipping_filter,deployed_violation,0.620278,0.013775,10
0.8,action_clipping_filter,filter_dependence,0.787760,0.004401,10
0.8,action_clipping_filter,intervention_rate,0.966667,0.005003,10
0.8,action_clipping_filter,intervention_severity,0.247237,0.001613,10
0.8,action_clipping_filter,mechanism_utility,-0.304918,0.004571,10
0.8,action_clipping_filter,recovery_success,0.325555,0.014100,10
0.8,action_clipping_filter,robust_utility,-0.556691,0.015087,10
0.8,action_clipping_filter,task_success,0.123333,0.008786,10
0.8,action_clipping_filter,transfer_violation,0.947222,0.007911,10
0.8,action_clipping_filter,unshielded_violation,0.929167,0.003272,10
0.8,adversarial_safety_critic,action_regret,0.633936,0.004678,10
0.8,adversarial_safety_critic,boundary_ece,0.271583,0.011348,10
0.8,adversarial_safety_critic,boundary_f1,0.824715,0.009985,10
0.8,adversarial_safety_critic,deployed_violation,0.681666,0.012812,10
0.8,adversarial_safety_critic,filter_dependence,0.340279,0.005342,10
0.8,adversarial_safety_critic,intervention_rate,0.815278,0.012448,10
0.8,adversarial_safety_critic,intervention_severity,0.133102,0.002250,10
0.8,adversarial_safety_critic,mechanism_utility,-0.083616,0.007226,10
0.8,adversarial_safety_critic,recovery_success,0.250833,0.010521,10
0.8,adversarial_safety_critic,robust_utility,-0.475709,0.013486,10
0.8,adversarial_safety_critic,task_success,0.116944,0.007761,10
0.8,adversarial_safety_critic,transfer_violation,0.871111,0.007358,10
0.8,adversarial_safety_critic,unshielded_violation,0.915833,0.007913,10
0.8,boundary_learning_filter_v4,action_regret,0.594572,0.002536,10
0.8,boundary_learning_filter_v4,boundary_ece,0.120635,0.011734,10
0.8,boundary_learning_filter_v4,boundary_f1,0.889312,0.007939,10
0.8,boundary_learning_filter_v4,deployed_violation,0.612778,0.007085,10
0.8,boundary_learning_filter_v4,filter_dependence,0.320231,0.002820,10
0.8,boundary_learning_filter_v4,intervention_rate,0.966111,0.007019,10
0.8,boundary_learning_filter_v4,intervention_severity,0.147470,0.001278,10
0.8,boundary_learning_filter_v4,mechanism_utility,-0.047444,0.007836,10
0.8,boundary_learning_filter_v4,recovery_success,0.310555,0.010324,10
0.8,boundary_learning_filter_v4,robust_utility,-0.392082,0.006756,10
0.8,boundary_learning_filter_v4,task_success,0.154445,0.005693,10
0.8,boundary_learning_filter_v4,transfer_violation,0.808056,0.013736,10
0.8,boundary_learning_filter_v4,unshielded_violation,0.906945,0.007537,10
0.8,cbf_safety_filter,action_regret,0.585789,0.006969,10
0.8,cbf_safety_filter,boundary_ece,0.196693,0.010061,10
0.8,cbf_safety_filter,boundary_f1,0.898481,0.005679,10
0.8,cbf_safety_filter,deployed_violation,0.341389,0.017790,10
0.8,cbf_safety_filter,filter_dependence,0.881093,0.005013,10
0.8,cbf_safety_filter,intervention_rate,0.990000,0.004310,10
0.8,cbf_safety_filter,intervention_severity,0.269211,0.001272,10
0.8,cbf_safety_filter,mechanism_utility,-0.328919,0.007437,10
0.8,cbf_safety_filter,recovery_success,0.592778,0.018933,10
0.8,cbf_safety_filter,robust_utility,-0.158101,0.020822,10
0.8,cbf_safety_filter,task_success,0.362222,0.013874,10
0.8,cbf_safety_filter,transfer_violation,0.939444,0.008582,10
0.8,cbf_safety_filter,unshielded_violation,0.931667,0.006653,10
0.8,conformal_uncertainty_shield,action_regret,0.611365,0.004003,10
0.8,conformal_uncertainty_shield,boundary_ece,0.270503,0.011178,10
0.8,conformal_uncertainty_shield,boundary_f1,0.902155,0.005137,10
0.8,conformal_uncertainty_shield,deployed_violation,0.371111,0.011339,10
0.8,conformal_uncertainty_shield,filter_dependence,0.916704,0.002834,10
0.8,conformal_uncertainty_shield,intervention_rate,0.998055,0.001824,10
0.8,conformal_uncertainty_shield,intervention_severity,0.324040,0.000523,10
0.8,conformal_uncertainty_shield,mechanism_utility,-0.342032,0.008834,10
0.8,conformal_uncertainty_shield,recovery_success,0.555278,0.017845,10
0.8,conformal_uncertainty_shield,robust_utility,-0.233709,0.011361,10
0.8,conformal_uncertainty_shield,task_success,0.328611,0.007744,10
0.8,conformal_uncertainty_shield,transfer_violation,0.928889,0.008364,10
0.8,conformal_uncertainty_shield,unshielded_violation,0.923056,0.007396,10
0.8,counterfactual_boundary_learning_filter_v5,action_regret,0.543538,0.005097,10
0.8,counterfactual_boundary_learning_filter_v5,boundary_ece,0.099376,0.012868,10
0.8,counterfactual_boundary_learning_filter_v5,boundary_f1,0.895292,0.006939,10
0.8,counterfactual_boundary_learning_filter_v5,deployed_violation,0.532222,0.011484,10
0.8,counterfactual_boundary_learning_filter_v5,filter_dependence,0.260524,0.001577,10
0.8,counterfactual_boundary_learning_filter_v5,intervention_rate,0.982778,0.004577,10
0.8,counterfactual_boundary_learning_filter_v5,intervention_severity,0.159862,0.000858,10
0.8,counterfactual_boundary_learning_filter_v5,mechanism_utility,-0.006840,0.010641,10
0.8,counterfactual_boundary_learning_filter_v5,recovery_success,0.378056,0.012637,10
0.8,counterfactual_boundary_learning_filter_v5,robust_utility,-0.266058,0.016939,10
0.8,counterfactual_boundary_learning_filter_v5,task_success,0.218056,0.013441,10
0.8,counterfactual_boundary_learning_filter_v5,transfer_violation,0.768611,0.014337,10
0.8,counterfactual_boundary_learning_filter_v5,unshielded_violation,0.901945,0.008475,10
0.8,geometric_projection_filter,action_regret,0.662051,0.004286,10
0.8,geometric_projection_filter,boundary_ece,0.238266,0.008742,10
0.8,geometric_projection_filter,boundary_f1,0.840600,0.009355,10
0.8,geometric_projection_filter,deployed_violation,0.582778,0.010607,10
0.8,geometric_projection_filter,filter_dependence,0.661079,0.010501,10
0.8,geometric_projection_filter,intervention_rate,0.850278,0.013298,10
0.8,geometric_projection_filter,intervention_severity,0.182833,0.002897,10
0.8,geometric_projection_filter,mechanism_utility,-0.242410,0.008825,10
0.8,geometric_projection_filter,recovery_success,0.357500,0.012337,10
0.8,geometric_projection_filter,robust_utility,-0.439081,0.016931,10
0.8,geometric_projection_filter,task_success,0.171389,0.014834,10
0.8,geometric_projection_filter,transfer_violation,0.945278,0.006022,10
0.8,geometric_projection_filter,unshielded_violation,0.928333,0.006732,10
0.8,lagrangian_safe_rl,action_regret,0.633760,0.004732,10
0.8,lagrangian_safe_rl,boundary_ece,0.213155,0.011737,10
0.8,lagrangian_safe_rl,boundary_f1,0.830163,0.010393,10
0.8,lagrangian_safe_rl,deployed_violation,0.691389,0.007761,10
0.8,lagrangian_safe_rl,filter_dependence,0.333655,0.005169,10
0.8,lagrangian_safe_rl,intervention_rate,0.839167,0.011802,10
0.8,lagrangian_safe_rl,intervention_severity,0.115673,0.001814,10
0.8,lagrangian_safe_rl,mechanism_utility,-0.081726,0.010445,10
0.8,lagrangian_safe_rl,recovery_success,0.239722,0.008930,10
0.8,lagrangian_safe_rl,robust_utility,-0.462818,0.015840,10
0.8,lagrangian_safe_rl,task_success,0.129722,0.011335,10
0.8,lagrangian_safe_rl,transfer_violation,0.883055,0.007633,10
0.8,lagrangian_safe_rl,unshielded_violation,0.915833,0.007572,10
0.8,oracle_boundary_teacher,action_regret,0.353121,0.005873,10
0.8,oracle_boundary_teacher,boundary_ece,0.025070,0.008640,10
0.8,oracle_boundary_teacher,boundary_f1,0.902712,0.005368,10
0.8,oracle_boundary_teacher,deployed_violation,0.214722,0.014360,10
0.8,oracle_boundary_teacher,filter_dependence,0.170430,0.000480,10
0.8,oracle_boundary_teacher,intervention_rate,1.000000,0.000000,10
0.8,oracle_boundary_teacher,intervention_severity,0.097979,0.000089,10
0.8,oracle_boundary_teacher,mechanism_utility,0.104734,0.012686,10
0.8,oracle_boundary_teacher,recovery_success,0.675278,0.017378,10
0.8,oracle_boundary_teacher,robust_utility,0.179198,0.016585,10
0.8,oracle_boundary_teacher,task_success,0.416389,0.009376,10
0.8,oracle_boundary_teacher,transfer_violation,0.642222,0.015962,10
0.8,oracle_boundary_teacher,unshielded_violation,0.890000,0.009507,10
0.8,recovery_policy_shield,action_regret,0.536707,0.006682,10
0.8,recovery_policy_shield,boundary_ece,0.137153,0.009834,10
0.8,recovery_policy_shield,boundary_f1,0.889748,0.004968,10
0.8,recovery_policy_shield,deployed_violation,0.395833,0.016278,10
0.8,recovery_policy_shield,filter_dependence,0.675928,0.003393,10
0.8,recovery_policy_shield,intervention_rate,0.964167,0.005878,10
0.8,recovery_policy_shield,intervention_severity,0.202077,0.001427,10
0.8,recovery_policy_shield,mechanism_utility,-0.209258,0.009578,10
0.8,recovery_policy_shield,recovery_success,0.521111,0.017636,10
0.8,recovery_policy_shield,robust_utility,-0.112441,0.018939,10
0.8,recovery_policy_shield,task_success,0.377222,0.011063,10
0.8,recovery_policy_shield,transfer_violation,0.879167,0.009119,10
0.8,recovery_policy_shield,unshielded_violation,0.918889,0.008772,10
0.8,robust_mpc_shield,action_regret,0.533276,0.009246,10
0.8,robust_mpc_shield,boundary_ece,0.153262,0.009818,10
0.8,robust_mpc_shield,boundary_f1,0.899292,0.005388,10
0.8,robust_mpc_shield,deployed_violation,0.288611,0.017014,10
0.8,robust_mpc_shield,filter_dependence,0.846300,0.003465,10
0.8,robust_mpc_shield,intervention_rate,0.993333,0.002716,10
0.8,robust_mpc_shield,intervention_severity,0.253324,0.000896,10
0.8,robust_mpc_shield,mechanism_utility,-0.301964,0.010902,10
0.8,robust_mpc_shield,recovery_success,0.638611,0.019024,10
0.8,robust_mpc_shield,robust_utility,-0.011750,0.032737,10
0.8,robust_mpc_shield,task_success,0.459167,0.023439,10
0.8,robust_mpc_shield,transfer_violation,0.931111,0.004648,10
0.8,robust_mpc_shield,unshielded_violation,0.927500,0.009619,10
0.8,safety_filter_distillation,action_regret,0.593700,0.005985,10
0.8,safety_filter_distillation,boundary_ece,0.131154,0.011364,10
0.8,safety_filter_distillation,boundary_f1,0.896930,0.005366,10
0.8,safety_filter_distillation,deployed_violation,0.598611,0.016835,10
0.8,safety_filter_distillation,filter_dependence,0.335450,0.001156,10
0.8,safety_filter_distillation,intervention_rate,0.983889,0.002541,10
0.8,safety_filter_distillation,intervention_severity,0.148094,0.000445,10
0.8,safety_filter_distillation,mechanism_utility,-0.071879,0.007610,10
0.8,safety_filter_distillation,recovery_success,0.329167,0.014365,10
0.8,safety_filter_distillation,robust_utility,-0.365238,0.015517,10
0.8,safety_filter_distillation,task_success,0.175833,0.009673,10
0.8,safety_filter_distillation,transfer_violation,0.846667,0.008734,10
0.8,safety_filter_distillation,unshielded_violation,0.914444,0.006781,10
0.8,shielded_behavior_cloning,action_regret,0.653752,0.005358,10
0.8,shielded_behavior_cloning,boundary_ece,0.178668,0.008500,10
0.8,shielded_behavior_cloning,boundary_f1,0.851701,0.012248,10
0.8,shielded_behavior_cloning,deployed_violation,0.707778,0.012955,10
0.8,shielded_behavior_cloning,filter_dependence,0.379653,0.006546,10
0.8,shielded_behavior_cloning,intervention_rate,0.870000,0.012698,10
0.8,shielded_behavior_cloning,intervention_severity,0.136570,0.001943,10
0.8,shielded_behavior_cloning,mechanism_utility,-0.105920,0.010720,10
0.8,shielded_behavior_cloning,recovery_success,0.227500,0.011913,10
0.8,shielded_behavior_cloning,robust_utility,-0.502568,0.015150,10
0.8,shielded_behavior_cloning,task_success,0.116389,0.008758,10
0.8,shielded_behavior_cloning,transfer_violation,0.896389,0.005508,10
0.8,shielded_behavior_cloning,unshielded_violation,0.914167,0.007370,10
0.8,unfiltered_policy,action_regret,0.694433,0.002675,10
0.8,unfiltered_policy,boundary_ece,0.638525,0.009213,10
0.8,unfiltered_policy,boundary_f1,0.000000,0.000000,10
0.8,unfiltered_policy,deployed_violation,0.934167,0.006744,10
0.8,unfiltered_policy,filter_dependence,0.000000,0.000000,10
0.8,unfiltered_policy,intervention_rate,0.000000,0.000000,10
0.8,unfiltered_policy,intervention_severity,0.000000,0.000000,10
0.8,unfiltered_policy,mechanism_utility,0.020668,0.009179,10
0.8,unfiltered_policy,recovery_success,0.000000,0.000000,10
0.8,unfiltered_policy,robust_utility,-0.630426,0.007617,10
0.8,unfiltered_policy,task_success,0.022500,0.004694,10
0.8,unfiltered_policy,transfer_violation,0.942222,0.008846,10
0.8,unfiltered_policy,unshielded_violation,0.927222,0.006732,10
1.0,action_clipping_filter,action_regret,0.727673,0.006122,10
1.0,action_clipping_filter,boundary_ece,0.180430,0.015776,10
1.0,action_clipping_filter,boundary_f1,0.911917,0.009928,10
1.0,action_clipping_filter,deployed_violation,0.638611,0.013616,10
1.0,action_clipping_filter,filter_dependence,0.802667,0.005437,10
1.0,action_clipping_filter,intervention_rate,0.975000,0.004732,10
1.0,action_clipping_filter,intervention_severity,0.253876,0.001541,10
1.0,action_clipping_filter,mechanism_utility,-0.338315,0.010014,10
1.0,action_clipping_filter,recovery_success,0.326945,0.014314,10
1.0,action_clipping_filter,robust_utility,-0.599810,0.016361,10
1.0,action_clipping_filter,task_success,0.097500,0.007414,10
1.0,action_clipping_filter,transfer_violation,0.963056,0.004595,10
1.0,action_clipping_filter,unshielded_violation,0.950000,0.008779,10
1.0,adversarial_safety_critic,action_regret,0.640901,0.008349,10
1.0,adversarial_safety_critic,boundary_ece,0.271553,0.013727,10
1.0,adversarial_safety_critic,boundary_f1,0.869304,0.011086,10
1.0,adversarial_safety_critic,deployed_violation,0.682500,0.020930,10
1.0,adversarial_safety_critic,filter_dependence,0.370810,0.004616,10
1.0,adversarial_safety_critic,intervention_rate,0.880000,0.007902,10
1.0,adversarial_safety_critic,intervention_severity,0.147492,0.001318,10
1.0,adversarial_safety_critic,mechanism_utility,-0.122478,0.011384,10
1.0,adversarial_safety_critic,recovery_success,0.268055,0.015532,10
1.0,adversarial_safety_critic,robust_utility,-0.488766,0.022652,10
1.0,adversarial_safety_critic,task_success,0.114722,0.013337,10
1.0,adversarial_safety_critic,transfer_violation,0.899444,0.006829,10
1.0,adversarial_safety_critic,unshielded_violation,0.932222,0.008364,10
1.0,boundary_learning_filter_v4,action_regret,0.608456,0.006646,10
1.0,boundary_learning_filter_v4,boundary_ece,0.123377,0.013872,10
1.0,boundary_learning_filter_v4,boundary_f1,0.917291,0.009988,10
1.0,boundary_learning_filter_v4,deployed_violation,0.630833,0.013664,10
1.0,boundary_learning_filter_v4,filter_dependence,0.330769,0.002407,10
1.0,boundary_learning_filter_v4,intervention_rate,0.987223,0.003058,10
1.0,boundary_learning_filter_v4,intervention_severity,0.155233,0.000690,10
1.0,boundary_learning_filter_v4,mechanism_utility,-0.083668,0.017049,10
1.0,boundary_learning_filter_v4,recovery_success,0.306667,0.016458,10
1.0,boundary_learning_filter_v4,robust_utility,-0.435913,0.019751,10
1.0,boundary_learning_filter_v4,task_success,0.127222,0.010973,10
1.0,boundary_learning_filter_v4,transfer_violation,0.846111,0.012631,10
1.0,boundary_learning_filter_v4,unshielded_violation,0.925278,0.013543,10
1.0,cbf_safety_filter,action_regret,0.605163,0.007774,10
1.0,cbf_safety_filter,boundary_ece,0.195855,0.015225,10
1.0,cbf_safety_filter,boundary_f1,0.920775,0.009667,10
1.0,cbf_safety_filter,deployed_violation,0.360000,0.016478,10
1.0,cbf_safety_filter,filter_dependence,0.894723,0.005297,10
1.0,cbf_safety_filter,intervention_rate,0.994167,0.002215,10
1.0,cbf_safety_filter,intervention_severity,0.277881,0.000853,10
1.0,cbf_safety_filter,mechanism_utility,-0.359577,0.014904,10
1.0,cbf_safety_filter,recovery_success,0.588611,0.017014,10
1.0,cbf_safety_filter,robust_utility,-0.227814,0.024002,10
1.0,cbf_safety_filter,task_success,0.311111,0.016069,10
1.0,cbf_safety_filter,transfer_violation,0.962222,0.006553,10
1.0,cbf_safety_filter,unshielded_violation,0.947222,0.011099,10
1.0,conformal_uncertainty_shield,action_regret,0.636204,0.005913,10
1.0,conformal_uncertainty_shield,boundary_ece,0.270865,0.015668,10
1.0,conformal_uncertainty_shield,boundary_f1,0.923416,0.009286,10
1.0,conformal_uncertainty_shield,deployed_violation,0.398056,0.014245,10
1.0,conformal_uncertainty_shield,filter_dependence,0.928505,0.004755,10
1.0,conformal_uncertainty_shield,intervention_rate,0.999722,0.000544,10
1.0,conformal_uncertainty_shield,intervention_severity,0.334354,0.000590,10
1.0,conformal_uncertainty_shield,mechanism_utility,-0.373392,0.011443,10
1.0,conformal_uncertainty_shield,recovery_success,0.545556,0.013242,10
1.0,conformal_uncertainty_shield,robust_utility,-0.322839,0.016631,10
1.0,conformal_uncertainty_shield,task_success,0.263889,0.009430,10
1.0,conformal_uncertainty_shield,transfer_violation,0.950555,0.009493,10
1.0,conformal_uncertainty_shield,unshielded_violation,0.939444,0.008026,10
1.0,counterfactual_boundary_learning_filter_v5,action_regret,0.567301,0.008010,10
1.0,counterfactual_boundary_learning_filter_v5,boundary_ece,0.103377,0.016535,10
1.0,counterfactual_boundary_learning_filter_v5,boundary_f1,0.921832,0.009091,10
1.0,counterfactual_boundary_learning_filter_v5,deployed_violation,0.571389,0.020079,10
1.0,counterfactual_boundary_learning_filter_v5,filter_dependence,0.266529,0.001457,10
1.0,counterfactual_boundary_learning_filter_v5,intervention_rate,0.993889,0.002667,10
1.0,counterfactual_boundary_learning_filter_v5,intervention_severity,0.166393,0.000520,10
1.0,counterfactual_boundary_learning_filter_v5,mechanism_utility,-0.045688,0.013899,10
1.0,counterfactual_boundary_learning_filter_v5,recovery_success,0.363889,0.017388,10
1.0,counterfactual_boundary_learning_filter_v5,robust_utility,-0.342022,0.021388,10
1.0,counterfactual_boundary_learning_filter_v5,task_success,0.171389,0.010139,10
1.0,counterfactual_boundary_learning_filter_v5,transfer_violation,0.797778,0.014828,10
1.0,counterfactual_boundary_learning_filter_v5,unshielded_violation,0.926389,0.010896,10
1.0,geometric_projection_filter,action_regret,0.678852,0.008881,10
1.0,geometric_projection_filter,boundary_ece,0.242154,0.015919,10
1.0,geometric_projection_filter,boundary_f1,0.873835,0.010880,10
1.0,geometric_projection_filter,deployed_violation,0.594445,0.020193,10
1.0,geometric_projection_filter,filter_dependence,0.698070,0.008008,10
1.0,geometric_projection_filter,intervention_rate,0.888889,0.008589,10
1.0,geometric_projection_filter,intervention_severity,0.195279,0.001851,10
1.0,geometric_projection_filter,mechanism_utility,-0.281443,0.013276,10
1.0,geometric_projection_filter,recovery_success,0.364444,0.018857,10
1.0,geometric_projection_filter,robust_utility,-0.490375,0.024997,10
1.0,geometric_projection_filter,task_success,0.139444,0.013031,10
1.0,geometric_projection_filter,transfer_violation,0.955278,0.008870,10
1.0,geometric_projection_filter,unshielded_violation,0.947500,0.008833,10
1.0,lagrangian_safe_rl,action_regret,0.646693,0.006449,10
1.0,lagrangian_safe_rl,boundary_ece,0.222587,0.014686,10
1.0,lagrangian_safe_rl,boundary_f1,0.869266,0.014029,10
1.0,lagrangian_safe_rl,deployed_violation,0.706389,0.017502,10
1.0,lagrangian_safe_rl,filter_dependence,0.354352,0.006519,10
1.0,lagrangian_safe_rl,intervention_rate,0.881111,0.014491,10
1.0,lagrangian_safe_rl,intervention_severity,0.124531,0.002025,10
1.0,lagrangian_safe_rl,mechanism_utility,-0.118302,0.012904,10
1.0,lagrangian_safe_rl,recovery_success,0.240833,0.020404,10
1.0,lagrangian_safe_rl,robust_utility,-0.499893,0.018962,10
1.0,lagrangian_safe_rl,task_success,0.109444,0.011934,10
1.0,lagrangian_safe_rl,transfer_violation,0.914722,0.009432,10
1.0,lagrangian_safe_rl,unshielded_violation,0.932778,0.008994,10
1.0,oracle_boundary_teacher,action_regret,0.368644,0.006223,10
1.0,oracle_boundary_teacher,boundary_ece,0.033194,0.009610,10
1.0,oracle_boundary_teacher,boundary_f1,0.923578,0.009270,10
1.0,oracle_boundary_teacher,deployed_violation,0.229444,0.010834,10
1.0,oracle_boundary_teacher,filter_dependence,0.172350,0.000873,10
1.0,oracle_boundary_teacher,intervention_rate,1.000000,0.000000,10
1.0,oracle_boundary_teacher,intervention_severity,0.101826,0.000132,10
1.0,oracle_boundary_teacher,mechanism_utility,0.058151,0.017306,10
1.0,oracle_boundary_teacher,recovery_success,0.691389,0.014208,10
1.0,oracle_boundary_teacher,robust_utility,0.117386,0.022342,10
1.0,oracle_boundary_teacher,task_success,0.366944,0.016662,10
1.0,oracle_boundary_teacher,transfer_violation,0.685000,0.021415,10
1.0,oracle_boundary_teacher,unshielded_violation,0.920833,0.012890,10
1.0,recovery_policy_shield,action_regret,0.556574,0.008240,10
1.0,recovery_policy_shield,boundary_ece,0.140272,0.014964,10
1.0,recovery_policy_shield,boundary_f1,0.914979,0.007946,10
1.0,recovery_policy_shield,deployed_violation,0.415555,0.019717,10
1.0,recovery_policy_shield,filter_dependence,0.694716,0.002904,10
1.0,recovery_policy_shield,intervention_rate,0.980556,0.005444,10
1.0,recovery_policy_shield,intervention_severity,0.210845,0.001067,10
1.0,recovery_policy_shield,mechanism_utility,-0.249399,0.011882,10
1.0,recovery_policy_shield,recovery_success,0.528889,0.019124,10
1.0,recovery_policy_shield,robust_utility,-0.181332,0.023485,10
1.0,recovery_policy_shield,task_success,0.328611,0.012040,10
1.0,recovery_policy_shield,transfer_violation,0.909722,0.010714,10
1.0,recovery_policy_shield,unshielded_violation,0.939722,0.009775,10
1.0,robust_mpc_shield,action_regret,0.549942,0.006028,10
1.0,robust_mpc_shield,boundary_ece,0.161147,0.016005,10
1.0,robust_mpc_shield,boundary_f1,0.922396,0.009516,10
1.0,robust_mpc_shield,deployed_violation,0.304167,0.013538,10
1.0,robust_mpc_shield,filter_dependence,0.859150,0.004802,10
1.0,robust_mpc_shield,intervention_rate,0.996944,0.001507,10
1.0,robust_mpc_shield,intervention_severity,0.260922,0.000767,10
1.0,robust_mpc_shield,mechanism_utility,-0.336968,0.008828,10
1.0,robust_mpc_shield,recovery_success,0.646111,0.014904,10
1.0,robust_mpc_shield,robust_utility,-0.071616,0.019292,10
1.0,robust_mpc_shield,task_success,0.415278,0.013635,10
1.0,robust_mpc_shield,transfer_violation,0.951389,0.008900,10
1.0,robust_mpc_shield,unshielded_violation,0.948889,0.005864,10
1.0,safety_filter_distillation,action_regret,0.601955,0.011123,10
1.0,safety_filter_distillation,boundary_ece,0.140248,0.011533,10
1.0,safety_filter_distillation,boundary_f1,0.919517,0.009345,10
1.0,safety_filter_distillation,deployed_violation,0.605000,0.025753,10
1.0,safety_filter_distillation,filter_dependence,0.342030,0.001900,10
1.0,safety_filter_distillation,intervention_rate,0.992500,0.002817,10
1.0,safety_filter_distillation,intervention_severity,0.153519,0.000593,10
1.0,safety_filter_distillation,mechanism_utility,-0.102095,0.012605,10
1.0,safety_filter_distillation,recovery_success,0.335556,0.021485,10
1.0,safety_filter_distillation,robust_utility,-0.395082,0.031493,10
1.0,safety_filter_distillation,task_success,0.153611,0.016555,10
1.0,safety_filter_distillation,transfer_violation,0.882778,0.012060,10
1.0,safety_filter_distillation,unshielded_violation,0.929722,0.008437,10
1.0,shielded_behavior_cloning,action_regret,0.668062,0.006385,10
1.0,shielded_behavior_cloning,boundary_ece,0.194414,0.009901,10
1.0,shielded_behavior_cloning,boundary_f1,0.879673,0.011446,10
1.0,shielded_behavior_cloning,deployed_violation,0.727500,0.015642,10
1.0,shielded_behavior_cloning,filter_dependence,0.398475,0.004842,10
1.0,shielded_behavior_cloning,intervention_rate,0.905000,0.008504,10
1.0,shielded_behavior_cloning,intervention_severity,0.145622,0.001450,10
1.0,shielded_behavior_cloning,mechanism_utility,-0.153901,0.013163,10
1.0,shielded_behavior_cloning,recovery_success,0.229444,0.012526,10
1.0,shielded_behavior_cloning,robust_utility,-0.542594,0.017842,10
1.0,shielded_behavior_cloning,task_success,0.095833,0.010714,10
1.0,shielded_behavior_cloning,transfer_violation,0.932500,0.010490,10
1.0,shielded_behavior_cloning,unshielded_violation,0.941666,0.008741,10
1.0,unfiltered_policy,action_regret,0.699367,0.003721,10
1.0,unfiltered_policy,boundary_ece,0.671052,0.018088,10
1.0,unfiltered_policy,boundary_f1,0.000000,0.000000,10
1.0,unfiltered_policy,deployed_violation,0.947500,0.010086,10
1.0,unfiltered_policy,filter_dependence,0.000000,0.000000,10
1.0,unfiltered_policy,intervention_rate,0.000000,0.000000,10
1.0,unfiltered_policy,intervention_severity,0.000000,0.000000,10
1.0,unfiltered_policy,mechanism_utility,-0.001715,0.009774,10
1.0,unfiltered_policy,recovery_success,0.000000,0.000000,10
1.0,unfiltered_policy,robust_utility,-0.642282,0.009204,10
1.0,unfiltered_policy,task_success,0.019167,0.003759,10
1.0,unfiltered_policy,transfer_violation,0.957778,0.007562,10
1.0,unfiltered_policy,unshielded_violation,0.944444,0.008589,10
